{"name":"8fd8c6aa-38e9-4fba-bac8-b3289ef6336b","id":"/providers/Microsoft.Flow/flows/8fd8c6aa-38e9-4fba-bac8-b3289ef6336b","type":"Microsoft.Flow/flows","properties":{"apiId":"/providers/Microsoft.PowerApps/apis/shared_logicflows","displayName":"Get authentication signInPreferences","definition":{"metadata":{"workflowEntityId":null,"processAdvisorMetadata":null,"flowChargedByPaygo":null,"flowclientsuspensionreason":"None","flowclientsuspensiontime":null,"flowclientsuspensionreasondetails":null,"creator":{"id":"ddb430bd-f8ec-4159-a524-7b95a75709a0","type":"User","tenantId":"02f487f3-187b-4a7b-830b-8309d8fcf9f3"},"provisioningMethod":"FromDefinition","failureAlertSubscription":true,"clientLastModifiedTime":"2023-07-11T18:39:50.1091906Z"},"$schema":"https://schema.management.azure.com/providers/Microsoft.Logic/schemas/2016-06-01/workflowdefinition.json#","contentVersion":"1.0.0.0","parameters":{"$authentication":{"defaultValue":{},"type":"SecureObject"}},"triggers":{"manual":{"metadata":{"operationMetadataId":"1d1cf6ee-4238-466a-8546-974a026edbcc"},"type":"Request","kind":"PowerAppV2","inputs":{"schema":{"type":"object","properties":{"text":{"title":"userID","type":"string","x-ms-dynamically-added":true,"description":"Please enter your input","x-ms-content-hint":"TEXT"}},"required":["text"]}}}},"actions":{"HTTP":{"runAfter":{"TenantID":["Succeeded"]},"metadata":{"operationMetadataId":"9d646d4f-3630-464c-8f99-e0134006586a"},"type":"Http","inputs":{"method":"GET","uri":"https://graph.microsoft.com/beta/users/@{triggerBody()['text']}/authentication/signInPreferences","authentication":{"type":"ActiveDirectoryOAuth","tenant":"@variables('TenantID')","audience":"@variables('Audience')","clientId":"@variables('ClientID')","secret":"@variables('Secret')"}}},"Secret":{"runAfter":{},"metadata":{"operationMetadataId":"f35226d4-6ca8-47f2-b541-30d0f12ba18f"},"type":"InitializeVariable","inputs":{"variables":[{"name":"Secret","type":"string"}]}},"ClientID":{"runAfter":{"Secret":["Succeeded"]},"metadata":{"operationMetadataId":"36222427-2b66-4a63-b5e4-5b79618cdd6b"},"type":"InitializeVariable","inputs":{"variables":[{"name":"ClientID","type":"string","value":"027992ee-5eba-46a8-8eaa-7f78271360f3"}]}},"Audience":{"runAfter":{"ClientID":["Succeeded"]},"metadata":{"operationMetadataId":"c24a7782-33f1-4679-8b14-5ad86ddad90d"},"type":"InitializeVariable","inputs":{"variables":[{"name":"Audience","type":"string","value":"https://graph.microsoft.com"}]}},"TenantID":{"runAfter":{"Audience":["Succeeded"]},"metadata":{"operationMetadataId":"569db4b0-47ae-48d4-afef-88a2c57aea63"},"type":"InitializeVariable","inputs":{"variables":[{"name":"TenantID","type":"string","value":"02f487f3-187b-4a7b-830b-8309d8fcf9f3"}]}},"Respond_to_a_PowerApp_or_flow":{"runAfter":{"ParseMSAuthApp":["Succeeded"]},"metadata":{"operationMetadataId":"3251722e-08fe-43ea-b49a-beb8ac92bfd0"},"type":"Response","kind":"PowerApp","inputs":{"statusCode":200,"body":{"userpreferredmethodforsecondaryauthentication":"@body('Parse_JSON')?['userPreferredMethodForSecondaryAuthentication']","systempreferredauthenticationmethod":"@body('Parse_JSON')?['systemPreferredAuthenticationMethod']","issystempreferredauthenticationmethodenabled":"@bool(body('Parse_JSON')?['isSystemPreferredAuthenticationMethodEnabled'])","push_registered":"@not(empty(body('ParseMSAuthApp')?['value']))","oath_registered":"@not(empty(body('ParseOath')?['value']))","voicemobile_registered":"@contains(variables('authmethods'),'3179e48a-750b-4051-897c-87b9720928f7')","voicealternatemobile_registered":"@contains(variables('authmethods'),'b6332ec1-7057-4abe-9331-3d72feddfe41')","voiceoffice_registered":"@contains(variables('authmethods'),'e37fc753-ff3b-4958-9484-eaa9425c82bc')","sms_registered":"@contains(variables('authmethods'),'3179e48a-750b-4051-897c-87b9720928f7')","methods":"@{body('GetMethods')?['value']}"},"schema":{"type":"object","properties":{"userpreferredmethodforsecondaryauthentication":{"title":"userPreferredMethodForSecondaryAuthentication","x-ms-dynamically-added":true,"type":"string"},"systempreferredauthenticationmethod":{"title":"systemPreferredAuthenticationMethod","x-ms-dynamically-added":true,"type":"string"},"issystempreferredauthenticationmethodenabled":{"title":"isSystemPreferredAuthenticationMethodEnabled","x-ms-dynamically-added":true,"type":"boolean"},"push_registered":{"title":"push_registered","x-ms-dynamically-added":true,"type":"boolean"},"oath_registered":{"title":"oath_registered","x-ms-dynamically-added":true,"type":"boolean"},"voicemobile_registered":{"title":"voiceMobile_registered","x-ms-dynamically-added":true,"type":"boolean"},"voicealternatemobile_registered":{"title":"voiceAlternateMobile_registered","x-ms-dynamically-added":true,"type":"boolean"},"voiceoffice_registered":{"title":"voiceOffice_registered","x-ms-dynamically-added":true,"type":"boolean"},"sms_registered":{"title":"sms_registered","x-ms-dynamically-added":true,"type":"boolean"},"methods":{"title":"Methods","x-ms-dynamically-added":true,"type":"string"}}}}},"Parse_JSON":{"runAfter":{"HTTP":["Succeeded"]},"metadata":{"operationMetadataId":"3289512d-6e88-4b5d-90b1-eae9c2d7bb7b"},"type":"ParseJson","inputs":{"content":"@body('HTTP')","schema":{"type":"object","properties":{"@@odata.context":{"type":"string"},"isSystemPreferredAuthenticationMethodEnabled":{"type":"boolean"},"userPreferredMethodForSecondaryAuthentication":{"type":["string","null"]},"systemPreferredAuthenticationMethod":{"type":["string","null"]}}}}},"GetMethods":{"runAfter":{"Parse_JSON":["Succeeded"]},"metadata":{"operationMetadataId":"c1b28397-35da-4134-bf86-8c9a39e3ce28"},"type":"Http","inputs":{"method":"GET","uri":"https://graph.microsoft.com/beta/users/@{triggerBody()['text']}/authentication/methods?$select=id","authentication":{"type":"ActiveDirectoryOAuth","tenant":"@variables('TenantID')","audience":"@variables('Audience')","clientId":"@variables('ClientID')","secret":"@variables('Secret')"}}},"ParseMethods":{"runAfter":{"GetMethods":["Succeeded"]},"metadata":{"operationMetadataId":"197ab290-6200-48b3-a945-af2f562bc075"},"type":"ParseJson","inputs":{"content":"@body('GetMethods')","schema":{"type":"object","properties":{"@@odata.context":{"type":"string"},"value":{"type":"array","items":{"type":"object","properties":{"@@odata.type":{"type":"string"},"id":{"type":"string"}},"required":["@@odata.type","id"]}}}}}},"Initialize_variable":{"runAfter":{"ParseMethods":["Succeeded"]},"metadata":{"operationMetadataId":"7f3dabd1-284c-4878-a784-9685e1d4d5fd"},"type":"InitializeVariable","inputs":{"variables":[{"name":"authmethods","type":"array"}]}},"Apply_to_each":{"foreach":"@body('ParseMethods')?['value']","actions":{"Append_to_array_variable":{"runAfter":{},"metadata":{"operationMetadataId":"feb5434b-ca37-42ef-8745-0bf03044675b"},"type":"AppendToArrayVariable","inputs":{"name":"authmethods","value":"@items('Apply_to_each')?['id']"}}},"runAfter":{"Initialize_variable":["Succeeded"]},"metadata":{"operationMetadataId":"48582b11-16d2-4596-a2f0-533f2d6020be"},"type":"Foreach","runtimeConfiguration":{"concurrency":{"repetitions":20}}},"Compose":{"runAfter":{"Apply_to_each":["Succeeded"]},"metadata":{"operationMetadataId":"648c3174-84cf-4296-9ada-0d98ab8147a1"},"type":"Compose","inputs":"@variables('authmethods')"},"GetOath":{"runAfter":{"Compose":["Succeeded"]},"metadata":{"operationMetadataId":"c1b28397-35da-4134-bf86-8c9a39e3ce28"},"type":"Http","inputs":{"method":"GET","uri":"https://graph.microsoft.com/beta/users/@{triggerBody()['text']}/authentication/softwareOathMethods","authentication":{"type":"ActiveDirectoryOAuth","tenant":"@variables('TenantID')","audience":"@variables('Audience')","clientId":"@variables('ClientID')","secret":"@variables('Secret')"}}},"ParseOath":{"runAfter":{"GetOath":["Succeeded"]},"metadata":{"operationMetadataId":"410dfb39-b4b4-4e3f-96aa-1e7ff6c6b907"},"type":"ParseJson","inputs":{"content":"@body('GetOath')","schema":{"type":"object","properties":{"@@odata.context":{"type":"string"},"value":{"type":"array","items":{"type":"object","properties":{"id":{"type":"string"},"secretKey":{}},"required":["id","secretKey"]}}}}}},"GetMSAuthApp":{"runAfter":{"ParseOath":["Succeeded"]},"metadata":{"operationMetadataId":"c1b28397-35da-4134-bf86-8c9a39e3ce28"},"type":"Http","inputs":{"method":"GET","uri":"https://graph.microsoft.com/beta/users/@{triggerBody()['text']}/authentication/microsoftAuthenticatorMethods","authentication":{"type":"ActiveDirectoryOAuth","tenant":"@variables('TenantID')","audience":"@variables('Audience')","clientId":"@variables('ClientID')","secret":"@variables('Secret')"}}},"ParseMSAuthApp":{"runAfter":{"GetMSAuthApp":["Succeeded"]},"metadata":{"operationMetadataId":"f0b07256-c5f9-4886-b236-621807ecf158"},"type":"ParseJson","inputs":{"content":"@body('GetMSAuthApp')","schema":{"type":"object","properties":{"@@odata.context":{"type":"string"},"value":{"type":"array","items":{"type":"object","properties":{"id":{"type":"string"},"displayName":{"type":"string"},"deviceTag":{"type":"string"},"phoneAppVersion":{"type":"string"},"createdDateTime":{},"clientAppName":{"type":"string"}},"required":["id","displayName","deviceTag","phoneAppVersion","createdDateTime","clientAppName"]}}}}}}},"outputs":{}},"connectionReferences":{},"flowFailureAlertSubscribed":false,"isManaged":false}}