{"schemaVersion":"1.0","appDefinitionTemplate":{"id":"/providers/Microsoft.PowerApps/apps/","type":"Microsoft.PowerApps/apps","tags":{"primaryDeviceWidth":"1366","primaryDeviceHeight":"768","supportsPortrait":"true","supportsLandscape":"true","primaryFormFactor":"Tablet","publisherVersion":"3.23064.16","minimumRequiredApiVersion":"2.2.0","hasComponent":"false","hasUnlockedComponent":"false","isUnifiedRootApp":"false","sienaVersion":"20230711T183536Z-3.23064.16.0"},"properties":{"appVersion":"2023-07-11T18:35:36Z","lifeCycleId":"Published","createdByClientVersion":{"major":3,"minor":23064,"build":16,"revision":0,"majorRevision":0,"minorRevision":0},"minClientVersion":{"major":3,"minor":23064,"build":16,"revision":0,"majorRevision":0,"minorRevision":0},"backgroundColor":"RGBA(0,176,240,1)","backgroundImageUri":"/5183993764814549601/N9989d621-ee01-435b-b27a-dca1a918d560-logoSmallFile","displayName":"Preferred multi-factor authentication manager","description":"","commitMessage":"","appUris":{"documentUri":{"value":"/5183993764814549601/Nff998b30-4af0-4c42-88a0-8b0ef0084707-document.msapp"},"imageUris":[],"additionalUris":[]},"createdTime":"0001-01-01T00:00:00Z","lastModifiedTime":"0001-01-01T00:00:00Z","sharedGroupsCount":0,"sharedUsersCount":0,"connectionReferences":{"05833cc4-46da-408b-b3f1-9d21132ca07d":{"id":"4e8eec98-e741-4c33-a9e7-5ba58902d332","displayName":"MS Graph Groups and Users","iconUri":"https://connectoricons-prod.azureedge.net/releases/v1.0.1639/1.0.1639.3319/msgraphgroupsanduser/icon.png","dataSources":["MSGraphGroupsandUsers"],"dependencies":[],"dependents":[],"parameterHints":{},"parameterHintsV2":{},"isOnPremiseConnection":false,"bypassConsent":false,"dataSets":{},"apiTier":"Premium","isCustomApiConnection":false},"88363ea4-8934-4531-890f-5c1ee8ad6050":{"id":"d8482a7c-06db-4ebb-b954-47e88e7990ce","displayName":"Logic flows","iconUri":"https://connectoricons-prod.azureedge.net/releases/v1.0.1636/1.0.1636.3297/logicflows/icon.png","dataSources":["GetauthenticationsignInPreferences"],"dependencies":[],"dependents":[],"parameterHints":{"workflowName":{"value":"f0fde6b9-dd7f-448e-8828-92af327a2ffc"},"workflowEntityId":{}},"parameterHintsV2":{"workflowName":{"value":"f0fde6b9-dd7f-448e-8828-92af327a2ffc"},"workflowEntityId":{}},"isOnPremiseConnection":false,"bypassConsent":false,"dataSets":{},"apiTier":"Standard","isCustomApiConnection":false,"actions":["Run"]},"3c70ca53-fd1a-44bf-986d-fa0f6ffb8abd":{"id":"d8482a7c-06db-4ebb-b954-47e88e7990ce","displayName":"Logic flows","iconUri":"https://connectoricons-prod.azureedge.net/releases/v1.0.1636/1.0.1636.3297/logicflows/icon.png","dataSources":["SetauthenticationsignInPreferences"],"dependencies":[],"dependents":[],"parameterHints":{"workflowName":{"value":"d4081394-dd51-47cb-9e2f-58580e891ca8"},"workflowEntityId":{}},"parameterHintsV2":{"workflowName":{"value":"d4081394-dd51-47cb-9e2f-58580e891ca8"},"workflowEntityId":{}},"isOnPremiseConnection":false,"bypassConsent":false,"dataSets":{},"apiTier":"Standard","isCustomApiConnection":false,"actions":["Run"]},"4cc6ed9e-e687-486e-a45d-7552522c0ac2":{"id":"67bba98c-5ef2-48b5-9f80-b58bea6ebb29","displayName":"Office 365 Users","iconUri":"https://connectoricons-prod.azureedge.net/releases/v1.0.1644/1.0.1644.3342/office365users/icon.png","dataSources":["Office365Users"],"dependencies":[],"dependents":[],"parameterHints":{},"parameterHintsV2":{},"isOnPremiseConnection":false,"bypassConsent":false,"dataSets":{},"apiTier":"Standard","isCustomApiConnection":false,"actions":["SearchUser","UserPhoto","UserProfile_V2"]}},"databaseReferences":{},"almMode":"Environment","performanceOptimizationEnabled":true,"canConsumeAppPass":true,"enableModernRuntimeMode":false,"executionRestrictions":{"isTeamsOnly":false,"dataLossPreventionEvaluationResult":{"status":"Compliant","lastEvaluationDate":"2023-07-11T18:31:01.4006918Z","violations":[],"violationsByPolicy":[],"violationErrorMessage":"The app uses the following connectors: shared_msgraphgroupsanduser, shared_logicflows, shared_office365users, shared_azuread."},"httpActionRestriction":{"appUsesSharepointHttpAction":false,"enforcementStrategy":"Legacy","evaluationTime":"2023-07-11T18:31:01.4005897Z"}}},"appType":"ClassicCanvasApp","appComponents":[]}}