{"name":"901e8036-653b-401c-aa85-b2395f8270e8","id":"/providers/Microsoft.Flow/flows/901e8036-653b-401c-aa85-b2395f8270e8","type":"Microsoft.Flow/flows","properties":{"apiId":"/providers/Microsoft.PowerApps/apis/shared_logicflows","displayName":"Set authentication signInPreferences","definition":{"metadata":{"workflowEntityId":null,"processAdvisorMetadata":null,"flowChargedByPaygo":null,"flowclientsuspensionreason":"None","flowclientsuspensiontime":null,"flowclientsuspensionreasondetails":null,"creator":{"id":"ddb430bd-f8ec-4159-a524-7b95a75709a0","type":"User","tenantId":"02f487f3-187b-4a7b-830b-8309d8fcf9f3"},"provisioningMethod":"FromDefinition","failureAlertSubscription":true,"clientLastModifiedTime":"2023-07-11T18:40:02.6412903Z"},"$schema":"https://schema.management.azure.com/providers/Microsoft.Logic/schemas/2016-06-01/workflowdefinition.json#","contentVersion":"1.0.0.0","parameters":{"$authentication":{"defaultValue":{},"type":"SecureObject"}},"triggers":{"manual":{"metadata":{"operationMetadataId":"1d1cf6ee-4238-466a-8546-974a026edbcc"},"type":"Request","kind":"PowerAppV2","inputs":{"schema":{"type":"object","properties":{"text":{"title":"userID","type":"string","x-ms-dynamically-added":true,"description":"Please enter your input","x-ms-content-hint":"TEXT"},"text_1":{"title":"methodType","type":"string","x-ms-dynamically-added":true,"description":"Please enter your input","x-ms-content-hint":"TEXT"}},"required":["text","text_1"]}}}},"actions":{"HTTP":{"runAfter":{"TenantID":["Succeeded"]},"metadata":{"operationMetadataId":"9d646d4f-3630-464c-8f99-e0134006586a"},"type":"Http","inputs":{"method":"PATCH","uri":"https://graph.microsoft.com/beta/users/@{triggerBody()['text']}/authentication/signInPreferences","body":{"userPreferredMethodForSecondaryAuthentication":"@{triggerBody()['text_1']}"},"authentication":{"type":"ActiveDirectoryOAuth","tenant":"@variables('TenantID')","audience":"@variables('Audience')","clientId":"@variables('ClientID')","secret":"@variables('Secret')"}}},"Secret":{"runAfter":{},"metadata":{"operationMetadataId":"f35226d4-6ca8-47f2-b541-30d0f12ba18f"},"type":"InitializeVariable","inputs":{"variables":[{"name":"Secret","type":"string"}]}},"ClientID":{"runAfter":{"Secret":["Succeeded"]},"metadata":{"operationMetadataId":"36222427-2b66-4a63-b5e4-5b79618cdd6b"},"type":"InitializeVariable","inputs":{"variables":[{"name":"ClientID","type":"string","value":"027992ee-5eba-46a8-8eaa-7f78271360f3"}]}},"Audience":{"runAfter":{"ClientID":["Succeeded"]},"metadata":{"operationMetadataId":"c24a7782-33f1-4679-8b14-5ad86ddad90d"},"type":"InitializeVariable","inputs":{"variables":[{"name":"Audience","type":"string","value":"https://graph.microsoft.com"}]}},"TenantID":{"runAfter":{"Audience":["Succeeded"]},"metadata":{"operationMetadataId":"569db4b0-47ae-48d4-afef-88a2c57aea63"},"type":"InitializeVariable","inputs":{"variables":[{"name":"TenantID","type":"string","value":"02f487f3-187b-4a7b-830b-8309d8fcf9f3"}]}},"Respond_to_a_PowerApp_or_flow":{"runAfter":{"HTTP":["Succeeded"]},"metadata":{"operationMetadataId":"3251722e-08fe-43ea-b49a-beb8ac92bfd0"},"type":"Response","kind":"PowerApp","inputs":{"statusCode":200,"body":{"result":"@{outputs('HTTP')['statusCode']}"},"schema":{"type":"object","properties":{"result":{"title":"result","x-ms-dynamically-added":true,"type":"string"}}}}}},"outputs":{}},"connectionReferences":{},"flowFailureAlertSubscribed":false,"isManaged":false}}