{"schemaVersion":"1.0","appDefinitionTemplate":{"id":"/providers/Microsoft.PowerApps/apps/","type":"Microsoft.PowerApps/apps","tags":{"primaryDeviceWidth":"1366","primaryDeviceHeight":"768","sienaVersion":"20210809T080352Z-3.21073.27.0","deviceCapabilities":"","supportsPortrait":"true","supportsLandscape":"true","primaryFormFactor":"Tablet","publisherVersion":"3.21073.27","minimumRequiredApiVersion":"2.2.0","hasComponent":"false","hasUnlockedComponent":"false","isUnifiedRootApp":"false"},"properties":{"appVersion":"2021-08-09T08:03:52Z","lifeCycleId":"Published","createdByClientVersion":{"major":3,"minor":21073,"build":27,"revision":0,"majorRevision":0,"minorRevision":0},"minClientVersion":{"major":3,"minor":21073,"build":27,"revision":0,"majorRevision":0,"minorRevision":0},"backgroundColor":"rgba(0, 176, 240, 1)","backgroundImageUri":"/1287614912002593755/N35dab068-d015-40aa-ae37-83a6bd8465d4-logoSmallFile","displayName":"Temporary Access Pass Manager","description":"","commitMessage":"","appUris":{"documentUri":{"value":"/1287614912002593755/N55d679df-7343-4cf4-a632-f25ca9ea5c4f-document.msapp"},"imageUris":[]},"createdTime":"0001-01-01T00:00:00Z","lastModifiedTime":"0001-01-01T00:00:00Z","sharedGroupsCount":0,"sharedUsersCount":0,"icons":{"smallIconUri":"/1287614912002593755/N7e544a64-4bd9-4626-9521-e052d448705f-small.png","mediumIconUri":"/1287614912002593755/N1c499ec1-5f49-4c4a-bb42-47b94f0536b2-medium.png","largeIconUri":"/1287614912002593755/Ne83a1791-94a9-4ac3-99d4-6b1c8f54b0ab-large.png","wideIconUri":"/1287614912002593755/N4c83b1cd-81c5-4766-9606-61bb19cda3a9-wide.png"},"connectionReferences":{"989444dc-5e2d-4bec-993e-25d372b0b762":{"id":"4d202337-0b6a-4355-a7ae-b1c7a7729a76","displayName":"Office 365 Users","iconUri":"https://connectoricons-prod.azureedge.net/releases/v1.0.1472/1.0.1472.2427/office365users/icon.png","dataSources":["Office365Users"],"dependencies":[],"dependents":[],"parameterHints":{},"parameterHintsV2":{},"isOnPremiseConnection":false,"bypassConsent":false,"dataSets":{},"apiTier":"Standard","isCustomApiConnection":false,"actions":["SearchUserV2"]},"82ad1fc7-34fc-424b-87d4-1000d23d024e":{"id":"79f8a61d-0b2d-4565-9915-a90d38417f7b","displayName":"TemporaryAccessPass","iconUri":"https://pafeblobprodby.blob.core.windows.net/20210807t000000z0c33414c695c4aef806fd6a3405e3590/customconnectoricon.png?sv=2018-03-28&sr=c&sig=zK4VZSVGcmC0h88E4mR2HB4Eiigty5VU24u3q2RYWJA%3D&se=2021-08-15T16:00:00Z&sp=rl","dataSources":["TemporaryAccessPass"],"dependencies":[],"dependents":[],"parameterHints":{},"parameterHintsV2":{},"isOnPremiseConnection":false,"bypassConsent":false,"dataSets":{},"apiTier":"Standard","isCustomApiConnection":true,"actions":["ListTemporaryAccessPass","CreateTemporaryAccessPass","GetTemporaryAccessPass","DeleteTemporaryAccessPass"]}},"databaseReferences":{},"almMode":"Environment","performanceOptimizationEnabled":true,"canConsumeAppPass":true,"executionRestrictions":{"isTeamsOnly":false,"dataLossPreventionEvaluationResult":{"status":"Compliant","lastEvaluationDate":"2021-08-07T14:58:28.8505819Z","violations":[],"violationsByPolicy":[],"violationErrorMessage":"The app uses the following connectors: shared_office365users, shared_temporaryaccesspass-5fef330702eb1c51f9-5f65a0a1663b3cef1d."}}},"appType":"ClassicCanvasApp","appComponents":[]}}